insert into USERS (email, name, password, phone, address, regdate, active) values ('info1@csabszak.com', 'Stuart Bloom', 'MTExMTE=', '0690444555676', 'Balatonfüred', '2019-01-09', TRUE)
insert into USERS (email, name, password, phone, address, regdate, active) values ('info2@csabszak.com', 'Barry Kripke', 'MTExMTE=', '069053595023', 'Paks', '2019-01-25', FALSE)
insert into USERS (email, name, password, phone, address, regdate, active) values ('info3@csabszak.com', 'Wil Wheaton', 'MTExMTE=', '069054565464', 'Dunaújváros', '2019-01-01', TRUE)
insert into USERS (email, name, password, phone, address, regdate, active) values ('info4@csabszak.com', 'Leslie Winkle', 'MTExMTE=', '0690535567657', 'Kiskunlacháza', '2019-01-09', TRUE)
insert into USERS (email, name, password, phone, address, regdate, active) values ('info5@csabszak.com', 'Priya Koothrappali', 'MTExMTE=', '0690444555676', 'Balatonfüred', '2019-01-09', TRUE)
insert into USERS (email, name, password, phone, address, regdate, active) values ('info6@csabszak.com', 'Emily Sweeney', 'MTExMTE=', '069053595023', 'Paks', '2019-01-25', TRUE)
insert into USERS (email, name, password, phone, address, regdate, active) values ('info7@csabszak.com', 'Zack Johnson', 'MTExMTE=', '069054565464', 'Dunaújváros', '2019-01-01', FALSE)
insert into USERS (email, name, password, phone, address, regdate, active) values ('info8@csabszak.com', 'Mary Cooper', 'MTExMTE=', '0690535567657', 'Kiskunlacháza', '2019-01-09', TRUE)


insert into USERS (email, name, password, phone, address, regdate, active) values ('admin@csabszak.com', 'SuperAdmin', 'cGFzcw==', '0690535565555', 'Budapest', '2018-01-01', TRUE)
insert into USERS (email, name, password, phone, address, regdate, active) values ('workmate1@csabszak.com', 'Sheldon Cooper', 'cGFzcw==', '0690535565555', 'Pasadena', '2018-07-09', TRUE)
insert into USERS (email, name, password, phone, address, regdate, active) values ('workmate2@csabszak.com', 'Leonard Hofstadter', 'cGFzcw==', '0690535565666', 'Pasadena', '2018-03-11', TRUE)
insert into USERS (email, name, password, phone, address, regdate, active) values ('workmate3@csabszak.com', 'Howard Wolowitz', 'cGFzcw==', '0690535565666', 'Pasadena', '2018-09-30', TRUE)
insert into USERS (email, name, password, phone, address, regdate, active) values ('workmate4@csabszak.com', 'Rajesh Koothrappali', 'cGFzcw==', '0690535565666', 'Pasadena', '2018-11-03', TRUE)

insert into ROLES (role) values ('USER')
insert into ROLES (role) values ('EDITOR')
insert into ROLES (role) values ('ADMIN')

insert into users_roles (user_id, role_id) values ('admin@csabszak.com',3)
insert into users_roles (user_id, role_id) values ('info1@csabszak.com',1)
insert into users_roles (user_id, role_id) values ('info2@csabszak.com',1)
insert into users_roles (user_id, role_id) values ('info3@csabszak.com',1)
insert into users_roles (user_id, role_id) values ('info4@csabszak.com',1)
insert into users_roles (user_id, role_id) values ('info5@csabszak.com',1)
insert into users_roles (user_id, role_id) values ('info6@csabszak.com',1)
insert into users_roles (user_id, role_id) values ('info7@csabszak.com',1)
insert into users_roles (user_id, role_id) values ('info8@csabszak.com',1)
insert into users_roles (user_id, role_id) values ('workmate1@csabszak.com',2)
insert into users_roles (user_id, role_id) values ('workmate2@csabszak.com',2)
insert into users_roles (user_id, role_id) values ('workmate2@csabszak.com',3)
insert into users_roles (user_id, role_id) values ('workmate3@csabszak.com',2)
insert into users_roles (user_id, role_id) values ('workmate4@csabszak.com',2)

insert into TICKETS (task, startdate, client_email, worker_email, status, solution, enddate) values ('Szerver beállítás szükséges.', '2019-01-08 20:25:00.00', (select email from USERS where email='info4@csabszak.com'), (select email from USERS where email='admin@csabszak.com'), 'closed', 'Mintaadat. Megoldottam.', '2019-01-11 20:26:36.00')
insert into TICKETS (task, startdate, client_email, worker_email, status, solution, enddate) values ('Billentyűzet csere szükséges.', '2018-12-08 08:25:00.00', (select email from USERS where email='info3@csabszak.com'), (select email from USERS where email='workmate2@csabszak.com'), 'closed', 'Mintaadat. Megoldottam.', '2018-12-10 10:16:50.00')
insert into TICKETS (task, startdate, client_email, worker_email, status, solution, enddate) values ('Egér nem működik! SOS!', '2018-10-08 12:03:40.00', (select email from USERS where email='info2@csabszak.com'), (select email from USERS where email='workmate1@csabszak.com'), 'closed', 'Mintaadat. Megoldottam.', '2018-10-19 14:26:40.00')
insert into TICKETS (task, startdate, client_email, worker_email, status) values ('Egér nem működik! SOS!', '2019-02-08 16:33:20.00', (select email from USERS where email='info2@csabszak.com'), (select email from USERS where email='workmate1@csabszak.com'), 'inprogress')
insert into TICKETS (task, startdate, client_email, worker_email, status) values ('Szakadozik a hálózat.', '2019-02-10 5:59:44.00', (select email from USERS where email='info3@csabszak.com'), (select email from USERS where email='workmate2@csabszak.com'), 'inprogress')
insert into TICKETS (task, startdate, client_email) values ('Nincs internet kapcsolat a számítógépen! SOS!', '2018-10-06 10:33:33.00', (select email from USERS where email='info1@csabszak.com'))
insert into TICKETS (task, startdate, client_email) values ('Központi szerver nem indul. Sürgős!', '2019-01-11 09:13:40.00', (select email from USERS where email='info2@csabszak.com'))
insert into TICKETS (task, startdate, client_email) values ('VLC média player nem indul. ', '2019-02-09 8:45:10.00', (select email from USERS where email='info3@csabszak.com'))
insert into TICKETS (task, startdate, client_email) values ('Új nyomtató üzembe helyezése.', '2019-01-09 13:43:22.00', (select email from USERS where email='info4@csabszak.com'))
insert into TICKETS (task, startdate, client_email) values ('Árajánlat kérése weboldal készítésére.', '2019-01-20 15:14:44.00', (select email from USERS where email='info5@csabszak.com'))
insert into TICKETS (task, startdate, client_email) values ('Számítógép kékhalálozik.', '2018-10-25 11:56:00.00', (select email from USERS where email='info6@csabszak.com'))
insert into TICKETS (task, startdate, client_email) values ('Levelező rendszer nem megy.', '2019-01-29 12:06:40.00', (select email from USERS where email='info2@csabszak.com'))
insert into TICKETS (task, startdate, client_email) values ('Facebook lassú.', '2018-12-21 10:23:20.00', (select email from USERS where email='info4@csabszak.com'))
insert into TICKETS (task, startdate, client_email) values ('3 monitor cseréje.', '2019-02-05 11:09:11.00', (select email from USERS where email='info7@csabszak.com'))
insert into TICKETS (task, startdate, client_email) values ('Hálózati meghajtó nem elérhető.', '2019-02-06 18:53:11.00', (select email from USERS where email='info1@csabszak.com'))
insert into TICKETS (task, startdate, client_email) values ('Nyomtatóban elakadt a papír.', '2019-01-11 17:09:30.00', (select email from USERS where email='info8@csabszak.com'))
insert into TICKETS (task, startdate, client_email) values ('MS Office 2016 telepítés szükséges.', '2019-01-19 13:01:01.00', (select email from USERS where email='info3@csabszak.com'))
insert into TICKETS (task, startdate, client_email) values ('Rendszergazdai támogatás szükséges.', '2019-02-01 12:00:00.00', (select email from USERS where email='info8@csabszak.com'))
insert into TICKETS (task, startdate, client_email) values ('Router firmware frissítése szükséges.', '2019-01-19 9:03:20.00', (select email from USERS where email='info1@csabszak.com'))
insert into TICKETS (task, startdate, client_email) values ('Számítógép nem bootol be.', '2019-01-03 14:35:10.00', (select email from USERS where email='info1@csabszak.com'))
insert into TICKETS (task, startdate, client_email) values ('Spring Boot backend tervezése.', '2019-01-30 10:10:10.00', (select email from USERS where email='info2@csabszak.com'))
insert into TICKETS (task, startdate, client_email) values ('JUnit tesztelés megkezdése.', '2018-11-16 12:33:50.00', (select email from USERS where email='info4@csabszak.com'))
insert into TICKETS (task, startdate, client_email) values ('Adobe Photoshop telepítés.', '2019-01-07 15:20:40.00', (select email from USERS where email='info5@csabszak.com'))
insert into TICKETS (task, startdate, client_email, worker_email, status) values ('Nyomtatóban elakadt a papír.', '2019-01-02 6:06:22.00', (select email from USERS where email='info4@csabszak.com'), (select email from USERS where email='workmate3@csabszak.com'), 'inprogress')
insert into TICKETS (task, startdate, client_email, worker_email, status) values ('Adatbázis probléma.', '2019-01-03 17:47:09.00', (select email from USERS where email='info5@csabszak.com'), (select email from USERS where email='workmate4@csabszak.com'), 'inprogress')
insert into TICKETS (task, startdate, client_email, worker_email, status) values ('Nem fogadja el a jelszót.', '2019-01-04 6:37:32.00', (select email from USERS where email='info6@csabszak.com'), (select email from USERS where email='workmate3@csabszak.com'), 'inprogress')
insert into TICKETS (task, startdate, client_email, worker_email, status) values ('Operációs rendszer frissítése, karbantartás.', '2019-01-29 7:59:59.00', (select email from USERS where email='info7@csabszak.com'), (select email from USERS where email='admin@csabszak.com'), 'inprogress')
insert into TICKETS (task, startdate, client_email, worker_email, status) values ('Antivírus program cseréje, frissítése.', '2019-01-28 15:43:30.00', (select email from USERS where email='info4@csabszak.com'), (select email from USERS where email='workmate3@csabszak.com'), 'inprogress')
insert into TICKETS (task, startdate, client_email, worker_email, status) values ('Memóriabővítés.', '2019-01-30 14:01:02.00', (select email from USERS where email='info1@csabszak.com'), (select email from USERS where email='workmate4@csabszak.com'), 'inprogress')
insert into TICKETS (task, startdate, client_email, worker_email, status) values ('Videókártya cseréje.', '2019-01-31 9:22:10.00', (select email from USERS where email='info2@csabszak.com'), (select email from USERS where email='workmate2@csabszak.com'), 'inprogress')
insert into TICKETS (task, startdate, client_email, worker_email, status) values ('Adobe Photoshop telepítése.', '2019-02-06 13:41:46.00', (select email from USERS where email='info3@csabszak.com'), (select email from USERS where email='admin@csabszak.com'), 'inprogress')
insert into TICKETS (task, startdate, client_email, worker_email, status) values ('Videóchat kapcsolat nem működik, valószínűleg hálózati port gond.', '2019-02-07 11:00:08.00', (select email from USERS where email='info1@csabszak.com'), (select email from USERS where email='workmate2@csabszak.com'), 'inprogress')
insert into TICKETS (task, startdate, client_email, worker_email, status) values ('Exchange szolgáltatás váratlan leállás kivizsgálása.', '2019-02-09 13:31:04.00', (select email from USERS where email='info8@csabszak.com'), (select email from USERS where email='workmate1@csabszak.com'), 'inprogress')


