insert into USERS (email, name, password, phone, address, regdate, active) values ('info1@csabszak.com', 'Stuart Bloom', 'MTExMTE=', '0690444555676', 'Balatonfüred', '2019-01-09', TRUE)
insert into USERS (email, name, password, phone, address, regdate, active) values ('info2@csabszak.com', 'Barry Kripke', 'MTExMTE=', '069053595023', 'Paks', '2019-01-25', FALSE)
insert into USERS (email, name, password, phone, address, regdate, active) values ('info3@csabszak.com', 'Wil Wheaton', 'MTExMTE=', '069054565464', 'Dunaújváros', '2019-01-01', TRUE)
insert into USERS (email, name, password, phone, address, regdate, active) values ('info4@csabszak.com', 'Leslie Winkle', 'MTExMTE=', '0690535567657', 'Kiskunlacháza', '2019-01-09', TRUE)
insert into USERS (email, name, password, phone, address, regdate, active) values ('info5@csabszak.com', 'Priya Koothrappali', 'MTExMTE=', '0690444555676', 'Balatonfüred', '2019-01-09', TRUE)
insert into USERS (email, name, password, phone, address, regdate, active) values ('info6@csabszak.com', 'Emily Sweeney', 'MTExMTE=', '069053595023', 'Paks', '2019-01-25', TRUE)
insert into USERS (email, name, password, phone, address, regdate, active) values ('info7@csabszak.com', 'Zack Johnson', 'MTExMTE=', '069054565464', 'Dunaújváros', '2019-01-01', FALSE)
insert into USERS (email, name, password, phone, address, regdate, active) values ('info8@csabszak.com', 'Mary Cooper', 'MTExMTE=', '0690535567657', 'Kiskunlacháza', '2019-01-09', TRUE)


insert into USERS (email, name, password, phone, address, regdate, active) values ('admin@csabszak.com', 'SuperAdmin', 'cGFzcw==', '0690535565555', 'Budapest', '2018-01-01', TRUE)
insert into USERS (email, name, password, phone, address, regdate, active) values ('workmate1@csabszak.com', 'Sheldon Cooper', 'cGFzcw==', '0690535565555', 'Pasadena', '2018-07-09', TRUE)
insert into USERS (email, name, password, phone, address, regdate, active) values ('workmate2@csabszak.com', 'Leonard Hofstadter', 'cGFzcw==', '0690535565666', 'Pasadena', '2018-03-11', TRUE)
insert into USERS (email, name, password, phone, address, regdate, active) values ('workmate3@csabszak.com', 'Howard Wolowitz', 'cGFzcw==', '0690535565666', 'Pasadena', '2018-09-30', TRUE)
insert into USERS (email, name, password, phone, address, regdate, active) values ('workmate4@csabszak.com', 'Rajesh Koothrappali', 'cGFzcw==', '0690535565666', 'Pasadena', '2018-11-03', TRUE)

insert into ROLES (role) values ('USER')
insert into ROLES (role) values ('EDITOR')
insert into ROLES (role) values ('ADMIN')

insert into users_roles (user_id, role_id) values ('admin@csabszak.com',3)
insert into users_roles (user_id, role_id) values ('info1@csabszak.com',1)
insert into users_roles (user_id, role_id) values ('info2@csabszak.com',1)
insert into users_roles (user_id, role_id) values ('info3@csabszak.com',1)
insert into users_roles (user_id, role_id) values ('info4@csabszak.com',1)
insert into users_roles (user_id, role_id) values ('info5@csabszak.com',1)
insert into users_roles (user_id, role_id) values ('info6@csabszak.com',1)
insert into users_roles (user_id, role_id) values ('info7@csabszak.com',1)
insert into users_roles (user_id, role_id) values ('info8@csabszak.com',1)
insert into users_roles (user_id, role_id) values ('workmate1@csabszak.com',2)
insert into users_roles (user_id, role_id) values ('workmate2@csabszak.com',2)
insert into users_roles (user_id, role_id) values ('workmate2@csabszak.com',3)
insert into users_roles (user_id, role_id) values ('workmate3@csabszak.com',2)
insert into users_roles (user_id, role_id) values ('workmate4@csabszak.com',2)



insert into TICKETS (task, startdate, client_email, worker_email, status, solution, enddate) values ('Tintapatronok cseréjét kérném. Köszönöm!', '2018-01-08 20:25:00.00', (select email from USERS where email='info4@csabszak.com'), (select email from USERS where email='admin@csabszak.com'), 'closed', 'Mintaadat. Megoldottam.', '2018-01-11 20:26:36.00')
insert into TICKETS (task, startdate, client_email, worker_email, status, solution, enddate) values ('Billentyűzet csere szükséges.', '2018-01-08 08:25:00.00', (select email from USERS where email='info3@csabszak.com'), (select email from USERS where email='workmate1@csabszak.com'), 'closed', 'Mintaadat. Megoldottam.', '2018-01-10 10:16:50.00')
insert into TICKETS (task, startdate, client_email, worker_email, status, solution, enddate) values ('Egér nem működik! SOS!', '2018-01-08 12:03:40.00', (select email from USERS where email='info2@csabszak.com'), (select email from USERS where email='workmate2@csabszak.com'), 'closed', 'Mintaadat. Megoldottam.', '2018-01-19 14:26:40.00')
insert into TICKETS (task, startdate, client_email, worker_email, status, solution, enddate) values ('Új VGA kártya nem jó képet ad.', '2018-01-08 20:25:00.00', (select email from USERS where email='info4@csabszak.com'), (select email from USERS where email='workmate3@csabszak.com'), 'closed', 'Mintaadat. Megoldottam.', '2018-01-11 20:26:36.00')
insert into TICKETS (task, startdate, client_email, worker_email, status, solution, enddate) values ('Outlook beállítását kérném szépen!', '2018-01-18 08:25:00.00', (select email from USERS where email='info3@csabszak.com'), (select email from USERS where email='workmate4@csabszak.com'), 'closed', 'Mintaadat. Megoldottam.', '2018-01-25 10:16:50.00')
insert into TICKETS (task, startdate, client_email, worker_email, status, solution, enddate) values ('Office frissítése lenne szükséges.', '2018-01-18 12:03:40.00', (select email from USERS where email='info2@csabszak.com'), (select email from USERS where email='workmate1@csabszak.com'), 'closed', 'Mintaadat. Megoldottam.', '2018-01-19 14:26:40.00')
insert into TICKETS (task, startdate, client_email, worker_email, status, solution, enddate) values ('Weboldal terv kérése egyszerű üzleti bemutató oldalhoz.', '2018-01-18 20:25:00.00', (select email from USERS where email='info4@csabszak.com'), (select email from USERS where email='admin@csabszak.com'), 'closed', 'Mintaadat. Megoldottam.', '2018-01-21 20:26:36.00')
insert into TICKETS (task, startdate, client_email, worker_email, status, solution, enddate) values ('Webkamera beüzemelését kérem, köszönöm!', '2018-01-18 08:25:00.00', (select email from USERS where email='info3@csabszak.com'), (select email from USERS where email='workmate2@csabszak.com'), 'closed', 'Mintaadat. Megoldottam.', '2018-01-20 10:16:50.00')
insert into TICKETS (task, startdate, client_email, worker_email, status, solution, enddate) values ('Egér nem működik! SOS!', '2018-01-19 12:03:40.00', (select email from USERS where email='info2@csabszak.com'), (select email from USERS where email='workmate1@csabszak.com'), 'closed', 'Mintaadat. Megoldottam.', '2018-01-19 14:26:40.00')
insert into TICKETS (task, startdate, client_email, worker_email, status, solution, enddate) values ('Központi szerver újraindul', '2018-01-20 20:25:00.00', (select email from USERS where email='info4@csabszak.com'), (select email from USERS where email='admin@csabszak.com'), 'closed', 'Mintaadat. Megoldottam.', '2018-01-21 20:26:36.00')
insert into TICKETS (task, startdate, client_email, worker_email, status, solution, enddate) values ('Wireless klaviatúra szükséges.', '2018-01-21 08:25:00.00', (select email from USERS where email='info3@csabszak.com'), (select email from USERS where email='workmate2@csabszak.com'), 'closed', 'Mintaadat. Megoldottam.', '2018-01-22 10:16:50.00')
insert into TICKETS (task, startdate, client_email, worker_email, status, solution, enddate) values ('Egér nem jó.', '2018-01-22 12:03:40.00', (select email from USERS where email='info2@csabszak.com'), (select email from USERS where email='workmate1@csabszak.com'), 'closed', 'Mintaadat. Megoldottam.', '2018-01-23 14:26:40.00')

insert into TICKETS (task, startdate, client_email, worker_email, status, solution, enddate) values ('Szerver nem elérhető. Sürgős lenne! Köszönöm!', '2018-02-05 17:26:00.00', (select email from USERS where email='info1@csabszak.com'), (select email from USERS where email='admin@csabszak.com'), 'closed', 'Mintaadat. Megoldottam.', '2018-02-11 20:26:36.00')
insert into TICKETS (task, startdate, client_email, worker_email, status, solution, enddate) values ('Billentyűzet csere szükséges.', '2018-02-06 09:29:00.00', (select email from USERS where email='info3@csabszak.com'), (select email from USERS where email='workmate1@csabszak.com'), 'closed', 'Mintaadat. Megoldottam.', '2018-02-10 10:16:50.00')
insert into TICKETS (task, startdate, client_email, worker_email, status, solution, enddate) values ('Fénymásoló nem megy! SOS!', '2018-02-07 13:06:40.00', (select email from USERS where email='info1@csabszak.com'), (select email from USERS where email='workmate2@csabszak.com'), 'closed', 'Mintaadat. Megoldottam.', '2018-02-19 14:26:40.00')
insert into TICKETS (task, startdate, client_email, worker_email, status, solution, enddate) values ('Szerver beállítás szükséges.', '2018-02-09 10:25:00.00', (select email from USERS where email='info4@csabszak.com'), (select email from USERS where email='workmate3@csabszak.com'), 'closed', 'Mintaadat. Megoldottam.', '2018-02-11 20:26:36.00')
insert into TICKETS (task, startdate, client_email, worker_email, status, solution, enddate) values ('Árajánlat kérése géppark felújításra.', '2018-02-09 08:21:20.00', (select email from USERS where email='info3@csabszak.com'), (select email from USERS where email='workmate4@csabszak.com'), 'closed', 'Mintaadat. Megoldottam.', '2018-02-10 10:16:50.00')

insert into TICKETS (task, startdate, client_email, worker_email, status, solution, enddate) values ('Internet nagyon lassú.', '2018-03-01 11:11:00.00', (select email from USERS where email='info2@csabszak.com'), (select email from USERS where email='admin@csabszak.com'), 'closed', 'Mintaadat. Megoldottam.', '2018-03-11 20:26:36.00')
insert into TICKETS (task, startdate, client_email, worker_email, status, solution, enddate) values ('Fénymásoló hálózati beállítása szükséges.', '2018-03-02 08:00:00.00', (select email from USERS where email='info2@csabszak.com'), (select email from USERS where email='workmate1@csabszak.com'), 'closed', 'Mintaadat. Megoldottam.', '2018-03-10 10:16:50.00')
insert into TICKETS (task, startdate, client_email, worker_email, status, solution, enddate) values ('Exchange szerver nem működik. leállt! SOS!', '2018-03-03 09:01:30.00', (select email from USERS where email='info1@csabszak.com'), (select email from USERS where email='workmate4@csabszak.com'), 'closed', 'Mintaadat. Megoldottam.', '2018-03-19 14:26:40.00')
insert into TICKETS (task, startdate, client_email, worker_email, status, solution, enddate) values ('Szerver beállítás szükséges.', '2018-03-04 12:30:45.00', (select email from USERS where email='info4@csabszak.com'), (select email from USERS where email='workmate3@csabszak.com'), 'closed', 'Mintaadat. Megoldottam.', '2018-03-11 20:26:36.00')
insert into TICKETS (task, startdate, client_email, worker_email, status, solution, enddate) values ('Billentyűzet csere szükséges.', '2018-03-05 18:07:09.00', (select email from USERS where email='info4@csabszak.com'), (select email from USERS where email='workmate4@csabszak.com'), 'closed', 'Mintaadat. Megoldottam.', '2018-03-10 10:16:50.00')

insert into TICKETS (task, startdate, client_email, worker_email, status, solution, enddate) values ('Lassú a gép böngészés közben.', '2018-04-08 07:21:00.00', (select email from USERS where email='info5@csabszak.com'), (select email from USERS where email='admin@csabszak.com'), 'closed', 'Mintaadat. Megoldottam.', '2018-04-11 20:26:36.00')
insert into TICKETS (task, startdate, client_email, worker_email, status, solution, enddate) values ('Nyomtató csere szükséges.', '2018-04-11 08:55:55.00', (select email from USERS where email='info3@csabszak.com'), (select email from USERS where email='workmate1@csabszak.com'), 'closed', 'Mintaadat. Megoldottam.', '2018-04-14 10:16:50.00')
insert into TICKETS (task, startdate, client_email, worker_email, status, solution, enddate) values ('Szakadozik az internet kapcsolat.', '2018-04-14 11:59:10.00', (select email from USERS where email='info1@csabszak.com'), (select email from USERS where email='workmate2@csabszak.com'), 'closed', 'Mintaadat. Megoldottam.', '2018-04-17 14:26:40.00')
insert into TICKETS (task, startdate, client_email, worker_email, status, solution, enddate) values ('Szerver beállítás szükséges.', '2018-04-18 23:23:23.00', (select email from USERS where email='info1@csabszak.com'), (select email from USERS where email='workmate3@csabszak.com'), 'closed', 'Mintaadat. Megoldottam.', '2018-04-21 20:26:36.00')
insert into TICKETS (task, startdate, client_email, worker_email, status, solution, enddate) values ('Folyamatos, visszatérő hálózati hiba jelentkezik.', '2018-04-22 13:31:13.00', (select email from USERS where email='info3@csabszak.com'), (select email from USERS where email='workmate3@csabszak.com'), 'closed', 'Mintaadat. Megoldottam.', '2018-04-25 10:16:50.00')

insert into TICKETS (task, startdate, client_email, worker_email, status, solution, enddate) values ('Adobe Photoshop telepítése és aktiválása szükséges.', '2018-05-02 20:15:10.00', (select email from USERS where email='info3@csabszak.com'), (select email from USERS where email='admin@csabszak.com'), 'closed', 'Mintaadat. Megoldottam.', '2018-05-11 20:26:36.00')
insert into TICKETS (task, startdate, client_email, worker_email, status, solution, enddate) values ('HARD DISC ERROR hibaüzenettel lefagy a Windows.', '2018-05-04 08:27:40.00', (select email from USERS where email='info3@csabszak.com'), (select email from USERS where email='workmate1@csabszak.com'), 'closed', 'Mintaadat. Megoldottam.', '2018-05-10 10:16:50.00')
insert into TICKETS (task, startdate, client_email, worker_email, status, solution, enddate) values ('Új monitor üzembe helyezése.', '2018-05-08 15:25:45.00', (select email from USERS where email='info5@csabszak.com'), (select email from USERS where email='workmate2@csabszak.com'), 'closed', 'Mintaadat. Megoldottam.', '2018-05-29 14:26:40.00')
insert into TICKETS (task, startdate, client_email, worker_email, status, solution, enddate) values ('Vírusirtó telepítése szükséges.', '2018-05-18 16:17:22.00', (select email from USERS where email='info6@csabszak.com'), (select email from USERS where email='workmate2@csabszak.com'), 'closed', 'Mintaadat. Megoldottam.', '2018-05-30 20:26:36.00')
insert into TICKETS (task, startdate, client_email, worker_email, status, solution, enddate) values ('Árajánlat kérése új számítógépre.', '2018-05-28 09:33:20.00', (select email from USERS where email='info7@csabszak.com'), (select email from USERS where email='workmate4@csabszak.com'), 'closed', 'Mintaadat. Megoldottam.', '2018-05-31 10:16:50.00')

insert into TICKETS (task, startdate, client_email, worker_email, status, solution, enddate) values ('Hangfal nem működik.', '2018-06-08 20:23:00.00', (select email from USERS where email='info1@csabszak.com'), (select email from USERS where email='admin@csabszak.com'), 'closed', 'Mintaadat. Megoldottam.', '2018-06-11 20:26:36.00')
insert into TICKETS (task, startdate, client_email, worker_email, status, solution, enddate) values ('Nyomtatóban elakadt a papír.', '2018-06-08 08:21:00.00', (select email from USERS where email='info6@csabszak.com'), (select email from USERS where email='admin@csabszak.com'), 'closed', 'Mintaadat. Megoldottam.', '2018-06-10 10:16:50.00')
insert into TICKETS (task, startdate, client_email, worker_email, status, solution, enddate) values ('Számítógép sűrűn lefagy.', '2018-06-08 12:44:40.00', (select email from USERS where email='info7@csabszak.com'), (select email from USERS where email='workmate2@csabszak.com'), 'closed', 'Mintaadat. Megoldottam.', '2018-06-19 14:26:40.00')
insert into TICKETS (task, startdate, client_email, worker_email, status, solution, enddate) values ('Frissítések nem települnek.', '2018-06-08 20:55:00.00', (select email from USERS where email='info8@csabszak.com'), (select email from USERS where email='workmate1@csabszak.com'), 'closed', 'Mintaadat. Megoldottam.', '2018-06-11 20:26:36.00')
insert into TICKETS (task, startdate, client_email, worker_email, status, solution, enddate) values ('Kék halállal fagy a számítógép.', '2018-06-08 08:35:00.00', (select email from USERS where email='info8@csabszak.com'), (select email from USERS where email='workmate1@csabszak.com'), 'closed', 'Mintaadat. Megoldottam.', '2018-06-10 10:16:50.00')

insert into TICKETS (task, startdate, client_email, worker_email, status, solution, enddate) values ('VGA DRIVER telepítése szükséges.', '2018-07-08 20:25:00.00', (select email from USERS where email='info7@csabszak.com'), (select email from USERS where email='admin@csabszak.com'), 'closed', 'Mintaadat. Megoldottam.', '2018-07-11 20:26:36.00')
insert into TICKETS (task, startdate, client_email, worker_email, status, solution, enddate) values ('HARD DISC ERROR hibaüzenettel lefagy a Windows.', '2018-07-08 08:25:00.00', (select email from USERS where email='info7@csabszak.com'), (select email from USERS where email='workmate1@csabszak.com'), 'closed', 'Mintaadat. Megoldottam.', '2018-05-10 10:16:50.00')
insert into TICKETS (task, startdate, client_email, worker_email, status, solution, enddate) values ('Új monitor üzembe helyezése.', '2018-07-08 12:03:40.00', (select email from USERS where email='info8@csabszak.com'), (select email from USERS where email='workmate2@csabszak.com'), 'closed', 'Mintaadat. Megoldottam.', '2018-07-19 14:26:40.00')
insert into TICKETS (task, startdate, client_email, worker_email, status, solution, enddate) values ('Vírusirtó telepítése szükséges.', '2018-07-08 20:25:00.00', (select email from USERS where email='info8@csabszak.com'), (select email from USERS where email='workmate3@csabszak.com'), 'closed', 'Mintaadat. Megoldottam.', '2018-07-11 20:26:36.00')
insert into TICKETS (task, startdate, client_email, worker_email, status, solution, enddate) values ('Árajánlat kérése új számítógépre.', '2018-07-08 08:25:00.00', (select email from USERS where email='info1@csabszak.com'), (select email from USERS where email='admin@csabszak.com'), 'closed', 'Mintaadat. Megoldottam.', '2018-07-10 10:16:50.00')

insert into TICKETS (task, startdate, client_email, worker_email, status, solution, enddate) values ('Hangfal nem működik.', '2018-08-08 20:25:00.00', (select email from USERS where email='info2@csabszak.com'), (select email from USERS where email='admin@csabszak.com'), 'closed', 'Mintaadat. Megoldottam.', '2018-08-11 20:26:36.00')
insert into TICKETS (task, startdate, client_email, worker_email, status, solution, enddate) values ('Nyomtatóban elakadt a papír.', '2018-08-08 08:25:00.00', (select email from USERS where email='info3@csabszak.com'), (select email from USERS where email='workmate1@csabszak.com'), 'closed', 'Mintaadat. Megoldottam.', '2018-08-10 10:16:50.00')
insert into TICKETS (task, startdate, client_email, worker_email, status, solution, enddate) values ('Számítógép sűrűn lefagy.', '2018-08-08 12:03:40.00', (select email from USERS where email='info4@csabszak.com'), (select email from USERS where email='admin@csabszak.com'), 'closed', 'Mintaadat. Megoldottam.', '2018-08-19 14:26:40.00')
insert into TICKETS (task, startdate, client_email, worker_email, status, solution, enddate) values ('Frissítések nem települnek.', '2018-08-08 20:25:00.00', (select email from USERS where email='info6@csabszak.com'), (select email from USERS where email='workmate1@csabszak.com'), 'closed', 'Mintaadat. Megoldottam.', '2018-08-11 20:26:36.00')
insert into TICKETS (task, startdate, client_email, worker_email, status, solution, enddate) values ('Kék halállal fagy a számítógép.', '2018-08-08 08:25:00.00', (select email from USERS where email='info8@csabszak.com'), (select email from USERS where email='workmate3@csabszak.com'), 'closed', 'Mintaadat. Megoldottam.', '2018-08-10 10:16:50.00')

insert into TICKETS (task, startdate, client_email, worker_email, status, solution, enddate) values ('VGA DRIVER telepítése szükséges.', '2018-09-09 20:25:00.00', (select email from USERS where email='info7@csabszak.com'), (select email from USERS where email='admin@csabszak.com'), 'closed', 'Mintaadat. Megoldottam.', '2018-09-11 20:26:36.00')
insert into TICKETS (task, startdate, client_email, worker_email, status, solution, enddate) values ('HARD DISC ERROR hibaüzenettel lefagy a Windows.', '2018-09-08 08:25:00.00', (select email from USERS where email='info7@csabszak.com'), (select email from USERS where email='workmate1@csabszak.com'), 'closed', 'Mintaadat. Megoldottam.', '2018-09-10 10:16:50.00')
insert into TICKETS (task, startdate, client_email, worker_email, status, solution, enddate) values ('Új monitor üzembe helyezése.', '2018-10-08 12:03:40.00', (select email from USERS where email='info2@csabszak.com'), (select email from USERS where email='workmate2@csabszak.com'), 'closed', 'Mintaadat. Megoldottam.', '2018-10-19 14:26:40.00')
insert into TICKETS (task, startdate, client_email, worker_email, status, solution, enddate) values ('Vírusirtó telepítése szükséges.', '2018-10-08 20:25:00.00', (select email from USERS where email='info1@csabszak.com'), (select email from USERS where email='admin@csabszak.com'), 'closed', 'Mintaadat. Megoldottam.', '2018-10-11 20:26:36.00')
insert into TICKETS (task, startdate, client_email, worker_email, status, solution, enddate) values ('Árajánlat kérése új számítógépre.', '2018-10-08 08:25:00.00', (select email from USERS where email='info1@csabszak.com'), (select email from USERS where email='workmate2@csabszak.com'), 'closed', 'Mintaadat. Megoldottam.', '2018-10-10 10:16:50.00')

insert into TICKETS (task, startdate, client_email, worker_email, status, solution, enddate) values ('Hangfal nem működik.', '2018-11-08 20:25:00.00', (select email from USERS where email='info2@csabszak.com'), (select email from USERS where email='admin@csabszak.com'), 'closed', 'Mintaadat. Megoldottam.', '2018-11-11 20:26:36.00')
insert into TICKETS (task, startdate, client_email, worker_email, status, solution, enddate) values ('Nyomtatóban elakadt a papír.', '2018-11-08 08:25:00.00', (select email from USERS where email='info3@csabszak.com'), (select email from USERS where email='workmate1@csabszak.com'), 'closed', 'Mintaadat. Megoldottam.', '2018-11-10 10:16:50.00')
insert into TICKETS (task, startdate, client_email, worker_email, status, solution, enddate) values ('Számítógép sűrűn lefagy.', '2018-12-08 12:03:40.00', (select email from USERS where email='info1@csabszak.com'), (select email from USERS where email='workmate2@csabszak.com'), 'closed', 'Mintaadat. Megoldottam.', '2018-12-19 14:26:40.00')
insert into TICKETS (task, startdate, client_email, worker_email, status, solution, enddate) values ('Frissítések nem települnek.', '2018-12-08 20:25:00.00', (select email from USERS where email='info5@csabszak.com'), (select email from USERS where email='workmate2@csabszak.com'), 'closed', 'Mintaadat. Megoldottam.', '2018-12-11 20:26:36.00')
insert into TICKETS (task, startdate, client_email, worker_email, status, solution, enddate) values ('Kék halállal fagy a számítógép.', '2018-12-08 08:25:00.00', (select email from USERS where email='info7@csabszak.com'), (select email from USERS where email='workmate4@csabszak.com'), 'closed', 'Mintaadat. Megoldottam.', '2018-12-10 10:16:50.00')

insert into TICKETS (task, startdate, client_email) values ('Nincs internet kapcsolat a számítógépen! SOS!', '2019-01-06 10:33:33.00', (select email from USERS where email='info1@csabszak.com'))
insert into TICKETS (task, startdate, client_email) values ('Központi szerver nem indul. Sürgős!', '2019-01-07 09:13:40.00', (select email from USERS where email='info2@csabszak.com'))
insert into TICKETS (task, startdate, client_email) values ('VLC média player nem indul. ', '2019-02-09 8:45:10.00', (select email from USERS where email='info3@csabszak.com'))
insert into TICKETS (task, startdate, client_email) values ('Új nyomtató üzembe helyezése.', '2019-02-14 13:43:22.00', (select email from USERS where email='info4@csabszak.com'))
insert into TICKETS (task, startdate, client_email) values ('Árajánlat kérése weboldal készítésére.', '2019-02-15 15:14:44.00', (select email from USERS where email='info5@csabszak.com'))
insert into TICKETS (task, startdate, client_email) values ('Számítógép kékhalálozik.', '2019-02-18 11:56:00.00', (select email from USERS where email='info6@csabszak.com'))
insert into TICKETS (task, startdate, client_email) values ('Levelező rendszer nem megy.', '2019-02-20 12:06:40.00', (select email from USERS where email='info2@csabszak.com'))
insert into TICKETS (task, startdate, client_email) values ('Facebook lassú.', '2019-02-21 10:23:20.00', (select email from USERS where email='info4@csabszak.com'))
insert into TICKETS (task, startdate, client_email) values ('3 monitor cseréje.', '2019-02-25 11:09:11.00', (select email from USERS where email='info7@csabszak.com'))
insert into TICKETS (task, startdate, client_email) values ('Hálózati meghajtó nem elérhető.', '2019-03-01 18:53:11.00', (select email from USERS where email='info1@csabszak.com'))
insert into TICKETS (task, startdate, client_email) values ('Nyomtatóban elakadt a papír.', '2019-03-04 17:09:30.00', (select email from USERS where email='info8@csabszak.com'))
insert into TICKETS (task, startdate, client_email) values ('MS Office 2016 telepítés szükséges.', '2019-03-05 13:01:01.00', (select email from USERS where email='info3@csabszak.com'))
insert into TICKETS (task, startdate, client_email) values ('Rendszergazdai támogatás szükséges.', '2019-03-06 12:00:00.00', (select email from USERS where email='info8@csabszak.com'))
insert into TICKETS (task, startdate, client_email) values ('Router firmware frissítése szükséges.', '2019-03-11 9:03:20.00', (select email from USERS where email='info1@csabszak.com'))
insert into TICKETS (task, startdate, client_email) values ('Számítógép nem bootol be.', '2019-03-14 09:35:10.00', (select email from USERS where email='info1@csabszak.com'))
insert into TICKETS (task, startdate, client_email) values ('Spring Boot backend tervezése.', '2019-03-20 10:10:10.00', (select email from USERS where email='info2@csabszak.com'))
insert into TICKETS (task, startdate, client_email) values ('JUnit tesztelés megkezdése.', '2019-03-23 12:33:50.00', (select email from USERS where email='info4@csabszak.com'))
insert into TICKETS (task, startdate, client_email) values ('Adobe Photoshop telepítés.', '2019-03-25 15:20:40.00', (select email from USERS where email='info5@csabszak.com'))

insert into TICKETS (task, startdate, client_email, worker_email, status) values ('Egér nem működik! SOS!', '2019-03-08 16:33:20.00', (select email from USERS where email='info2@csabszak.com'), (select email from USERS where email='workmate1@csabszak.com'), 'inprogress')
insert into TICKETS (task, startdate, client_email, worker_email, status) values ('Szakadozik a hálózat.', '2019-03-10 5:59:44.00', (select email from USERS where email='info3@csabszak.com'), (select email from USERS where email='workmate2@csabszak.com'), 'inprogress')
insert into TICKETS (task, startdate, client_email, worker_email, status) values ('Nyomtatóban elakadt a papír.', '2019-03-10 6:06:22.00', (select email from USERS where email='info4@csabszak.com'), (select email from USERS where email='workmate3@csabszak.com'), 'inprogress')
insert into TICKETS (task, startdate, client_email, worker_email, status) values ('Adatbázis probléma.', '2019-03-20 17:47:09.00', (select email from USERS where email='info5@csabszak.com'), (select email from USERS where email='workmate4@csabszak.com'), 'inprogress')
insert into TICKETS (task, startdate, client_email, worker_email, status) values ('Nem fogadja el a jelszót.', '2019-03-21 6:37:32.00', (select email from USERS where email='info6@csabszak.com'), (select email from USERS where email='workmate3@csabszak.com'), 'inprogress')
insert into TICKETS (task, startdate, client_email, worker_email, status) values ('Operációs rendszer frissítése, karbantartás.', '2019-03-22 7:59:59.00', (select email from USERS where email='info7@csabszak.com'), (select email from USERS where email='admin@csabszak.com'), 'inprogress')
insert into TICKETS (task, startdate, client_email, worker_email, status) values ('Antivírus program cseréje, frissítése.', '2019-03-23 15:43:30.00', (select email from USERS where email='info4@csabszak.com'), (select email from USERS where email='workmate3@csabszak.com'), 'inprogress')
insert into TICKETS (task, startdate, client_email, worker_email, status) values ('Memóriabővítés.', '2019-03-23 14:01:02.00', (select email from USERS where email='info1@csabszak.com'), (select email from USERS where email='workmate4@csabszak.com'), 'inprogress')
insert into TICKETS (task, startdate, client_email, worker_email, status) values ('Videókártya cseréje.', '2019-03-24 9:22:10.00', (select email from USERS where email='info2@csabszak.com'), (select email from USERS where email='workmate2@csabszak.com'), 'inprogress')
insert into TICKETS (task, startdate, client_email, worker_email, status) values ('Adobe Photoshop telepítése.', '2019-03-24 13:41:46.00', (select email from USERS where email='info3@csabszak.com'), (select email from USERS where email='admin@csabszak.com'), 'inprogress')
insert into TICKETS (task, startdate, client_email, worker_email, status) values ('Videóchat kapcsolat nem működik, valószínűleg hálózati port gond.', '2019-03-25 11:00:08.00', (select email from USERS where email='info1@csabszak.com'), (select email from USERS where email='workmate2@csabszak.com'), 'inprogress')
insert into TICKETS (task, startdate, client_email, worker_email, status) values ('Exchange szolgáltatás váratlan leállás kivizsgálása.', '2019-03-25 13:31:04.00', (select email from USERS where email='info8@csabszak.com'), (select email from USERS where email='workmate1@csabszak.com'), 'inprogress')


